dataset,backbone,source,dim,gap_norm,top1pct,top2pct,top5pct,top10pct,top20pct,top50pct
MSCOCO,CLIP-B/32,small,512,7.708924686679804,0.7849864732546729,0.8230848158451772,0.8637664730698396,0.9015156713074824,0.94314080467019,0.9898103155015577
MSCOCO,CLIP-L/14,small,768,13.91476312535839,0.7765208139800028,0.8237792798081957,0.8671518152125104,0.9010313595871182,0.9405965203140692,0.9889087979301215
MSCOCO,ImageBind,small,1024,46.50702985848393,0.4400714885518803,0.5277528194919595,0.642336356363059,0.740604631976184,0.8471904178266324,0.9721196972735294
Flickr30K,CLIP-B/32,small,512,7.149585578180437,0.7520253781490985,0.7862182982785796,0.8319939254101717,0.8777335309624127,0.9252940996331219,0.9852957242286494
Flickr30K,CLIP-L/14,small,768,13.171858647430545,0.7183270914448884,0.7623820083799514,0.81552270058281,0.8601285908693239,0.9157252234775226,0.9839893718430043
AudioCaps,ImageBind,small,1024,56.95704433207244,0.42549694053085113,0.4877783270285201,0.597920217095331,0.698534535835752,0.8178874514320881,0.960814479908639
Clotho,ImageBind,small,1024,54.85591832056037,0.4771155724326169,0.5332953683637377,0.632499134034335,0.7269967970963945,0.8379476294807037,0.9701237451327215
LAION-400M,CLIP-B/32,laion_10shards,512,0.7252174720971112,0.829777405639434,0.8589051696224892,0.896221503685019,0.9236627395991016,0.9546575219497395,0.9913009285844244
